City_ID,City,Lat,Lng,Max Temp,Humidity,Cloudiness,Wind Speed,Country,Date
0,ihosy,-22.4,46.12,77.27,43,91,5.77,MG,1605815127
1,darhan,49.49,105.92,13.19,88,94,4.88,MN,1605815127
2,mar del plata,-38.0,-57.56,62.6,72,0,11.41,AR,1605815128
3,bluff,-46.6,168.33,55.99,92,100,5.99,NZ,1605815128
4,mataura,-46.19,168.86,55.99,92,100,5.99,NZ,1605815128
5,luau,-10.71,22.22,67.91,92,100,2.8,AO,1605815128
6,hilo,19.73,-155.09,77.0,83,90,4.7,US,1605814984
7,ponta do sol,32.67,-17.1,66.2,72,20,11.41,PT,1605815128
8,hobart,-42.88,147.33,60.01,93,75,8.05,AU,1605815104
9,salalah,17.02,54.09,78.8,65,0,4.7,OM,1605815128
10,bengkulu,-3.8,102.27,76.03,89,100,6.96,ID,1605814935
11,busselton,-33.65,115.33,57.99,85,100,4.9,AU,1605815128
12,ostrovnoy,68.05,39.51,43.11,89,100,25.23,RU,1605815128
13,marsa matruh,31.35,27.25,62.6,77,40,4.7,EG,1605815128
14,sitka,57.05,-135.33,37.4,59,75,8.05,US,1605815129
15,severo-kurilsk,50.68,156.12,32.43,93,100,23.51,RU,1605815129
16,punta arenas,-53.15,-70.92,60.8,44,0,19.46,CL,1605815129
17,bredasdorp,-34.53,20.04,62.6,72,0,8.05,ZA,1605815129
18,nanortalik,60.14,-45.24,32.54,94,91,7.7,GL,1605815129
19,kosikha,53.36,84.58,10.4,78,75,11.18,RU,1605815129
20,ribeira grande,38.52,-28.7,57.2,76,20,9.17,PT,1605815129
21,jamestown,42.1,-79.24,55.99,34,1,19.46,US,1605815129
22,conceicao da barra,-18.59,-39.73,77.38,91,100,9.31,BR,1605815129
23,kavaratti,10.57,72.64,82.15,80,75,13.0,IN,1605815129
24,rikitea,-23.12,-134.97,70.54,82,100,12.28,PF,1605815130
25,port hardy,50.7,-127.42,42.8,93,90,5.82,CA,1605814987
26,lagoa,39.05,-27.98,60.15,66,0,12.86,PT,1605815130
27,durban,-29.86,31.03,66.2,82,75,13.87,ZA,1605815003
28,borovikha,53.51,83.84,10.4,78,75,11.18,RU,1605815130
29,narsaq,60.92,-46.05,32.0,97,75,1.34,GL,1605815130
30,coquimbo,-29.95,-71.34,64.4,59,40,12.75,CL,1605815103
31,albany,42.6,-73.97,43.0,42,100,1.99,US,1605815130
32,cherskiy,68.75,161.3,7.66,96,80,3.04,RU,1605815130
33,hermanus,-34.42,19.23,62.01,79,0,3.0,ZA,1605815130
34,upernavik,72.79,-56.15,28.83,88,100,5.99,GL,1605815130
35,northam,51.03,-4.22,48.0,77,100,7.0,GB,1605815130
36,luderitz,-26.65,15.16,66.65,58,0,16.04,NA,1605815131
37,butaritari,3.07,172.79,82.67,76,100,17.09,KI,1605815131
38,chuy,-33.7,-53.46,66.69,56,24,11.36,UY,1605815131
39,cabo san lucas,22.89,-109.91,96.8,43,5,6.93,MX,1605815131
40,leningradskiy,69.38,178.42,27.36,97,100,2.01,RU,1605815131
41,constitucion,-35.33,-72.42,57.06,76,88,7.92,CL,1605815131
42,aklavik,68.22,-135.01,-4.0,83,20,6.93,CA,1605815131
43,kahului,20.89,-156.47,80.6,61,20,16.11,US,1605815131
44,lompoc,34.64,-120.46,68.0,59,1,3.36,US,1605815131
45,mweka,-4.85,21.57,69.85,97,100,0.69,CD,1605815132
46,atuona,-9.8,-139.03,78.13,73,5,10.11,PF,1605815132
47,tuktoyaktuk,69.45,-133.04,6.8,77,75,11.41,CA,1605815132
48,vuktyl,63.86,57.31,29.52,97,100,17.78,RU,1605815132
49,new norfolk,-42.78,147.06,57.99,68,46,3.71,AU,1605815132
50,christchurch,-43.53,172.63,57.99,93,6,2.24,NZ,1605815105
51,arraial do cabo,-22.97,-42.03,78.8,88,75,8.05,BR,1605814879
52,ushuaia,-54.8,-68.3,53.6,66,75,17.22,AR,1605814856
53,saskylakh,71.92,114.08,19.58,95,99,12.97,RU,1605815132
54,norman wells,65.28,-126.83,-13.0,75,5,2.24,CA,1605815133
55,mantua,45.17,10.78,43.0,98,0,5.3,IT,1605815045
56,qasigiannguit,68.82,-51.19,28.4,58,75,9.17,GL,1605815133
57,labuhan,-6.88,112.21,82.24,75,100,1.97,ID,1605815133
58,wukari,7.85,9.78,80.58,36,100,1.83,NG,1605815133
59,palu,-0.89,119.87,76.24,81,100,1.77,ID,1605815133
60,okhotsk,59.38,143.3,-2.72,87,0,24.74,RU,1605815133
61,avarua,-21.21,-159.78,78.8,88,99,10.29,CK,1605815133
62,castro,-24.79,-50.01,65.03,76,66,6.62,BR,1605815133
63,bayan,46.08,127.4,18.12,96,100,7.25,CN,1605815133
64,ilulissat,69.22,-51.1,28.4,58,75,9.17,GL,1605815133
65,tomatlan,19.93,-105.25,95.18,31,0,6.91,MX,1605815134
66,lillooet,50.69,-121.94,44.6,65,75,16.11,CA,1605815134
67,cape town,-33.93,18.42,66.99,59,0,13.87,ZA,1605814878
68,cheney,47.49,-117.58,41.0,75,75,20.8,US,1605815134
69,sorland,67.67,12.69,35.6,59,75,20.8,NO,1605815134
70,aljezur,37.32,-8.8,68.0,64,86,5.99,PT,1605815134
71,taltal,-25.4,-70.48,63.61,56,22,6.42,CL,1605815134
72,bambous virieux,-20.34,57.76,71.6,94,75,3.36,MU,1605815134
73,pala,9.36,14.9,78.31,34,6,2.64,TD,1605815134
74,vaini,-21.2,-175.2,77.0,88,75,6.93,TO,1605815134
75,rio grande,-32.03,-52.1,71.6,60,75,11.41,BR,1605815134
76,qaanaaq,77.48,-69.36,28.42,89,100,11.14,GL,1605815134
77,khatanga,71.97,102.5,16.93,96,100,18.28,RU,1605815135
78,shingu,33.73,135.98,65.98,90,100,8.59,JP,1605815135
79,jieshi,22.81,115.83,78.01,87,18,5.12,CN,1605815135
80,vila velha,-20.33,-40.29,84.0,78,40,13.87,BR,1605815135
81,yellowknife,62.46,-114.35,-7.01,83,90,2.75,CA,1605815042
82,pangody,65.85,74.49,9.23,95,14,12.8,RU,1605815135
83,rio gallegos,-51.62,-69.22,77.0,20,0,18.34,AR,1605814867
84,souillac,-20.52,57.52,71.6,94,75,3.36,MU,1605815135
85,sao filipe,14.9,-24.5,79.77,68,19,9.33,CV,1605815135
86,saint-philippe,-21.36,55.77,73.4,60,90,6.93,RE,1605815136
87,yilan,24.76,121.75,77.0,88,40,4.7,TW,1605815136
88,moissala,8.34,17.77,79.5,33,0,2.77,TD,1605815136
89,tonekabon,36.82,50.87,51.8,93,90,5.61,IR,1605815136
90,tateyama,34.98,139.87,72.0,77,100,8.99,JP,1605815136
91,oriximina,-1.77,-55.87,87.06,55,38,6.08,BR,1605815136
92,kapaa,22.08,-159.32,73.99,100,75,9.17,US,1605815136
93,yulara,-25.24,130.99,73.4,46,36,8.05,AU,1605815136
94,ancud,-41.87,-73.82,75.99,44,0,8.05,CL,1605815136
95,zatyshshya,47.33,29.87,33.31,93,65,6.38,UA,1605815136
96,kollo,13.3,2.34,84.2,17,0,6.93,NE,1605815136
97,nowogard,53.67,15.12,42.8,60,20,17.22,PL,1605815136
98,carnarvon,-24.87,113.63,71.6,64,100,14.99,AU,1605814930
99,port elizabeth,-33.92,25.57,59.0,93,0,3.36,ZA,1605815137
100,cidreira,-30.18,-50.21,68.67,56,0,8.57,BR,1605815137
101,kloulklubed,7.04,134.26,77.0,88,90,5.82,PW,1605815137
102,longyearbyen,78.22,15.64,21.2,62,40,14.99,SJ,1605814877
103,sao joao da barra,-21.64,-41.05,80.6,83,75,5.82,BR,1605815137
104,olafsvik,64.89,-23.71,36.1,81,100,19.95,IS,1605815137
105,hofn,64.25,-15.21,31.19,86,96,5.95,IS,1605815137
106,coihaique,-45.58,-72.07,80.6,32,0,8.05,CL,1605815137
107,pak phanang,8.35,100.2,79.84,80,99,1.21,TH,1605815112
108,ukiah,39.15,-123.21,55.0,93,90,1.97,US,1605815137
109,lebu,-37.62,-73.65,56.43,78,88,7.76,CL,1605815137
110,nikolskoye,59.7,30.79,48.2,76,75,13.42,RU,1605815138
111,itigi,-5.7,34.48,69.8,78,6,2.59,TZ,1605815138
112,kaeo,-35.1,173.78,62.01,73,0,5.01,NZ,1605815138
113,north bend,43.41,-124.22,52.0,81,1,6.93,US,1605815138
114,half moon bay,37.46,-122.43,60.01,76,1,9.17,US,1605815138
115,mayumba,-3.43,10.66,77.49,88,100,5.53,GA,1605815138
116,leshukonskoye,64.9,45.76,42.91,87,100,17.85,RU,1605815138
117,katsuura,35.13,140.3,72.0,77,99,8.99,JP,1605815138
118,qaqortoq,60.72,-46.03,32.0,98,75,2.1,GL,1605815138
119,rimouski,48.45,-68.52,23.0,79,90,9.17,CA,1605815138
120,hithadhoo,-0.6,73.08,81.55,74,100,6.82,MV,1605815138
121,thompson,55.74,-97.86,14.0,78,75,9.17,CA,1605815103
122,camana,-16.62,-72.71,69.28,62,17,8.32,PE,1605815139
123,guadalupe y calvo,26.1,-106.97,74.89,22,0,1.68,MX,1605815139
124,barrow,71.29,-156.79,19.4,85,90,8.05,US,1605815139
125,oktyabrskoye,43.06,44.74,37.4,93,90,4.47,RU,1605815139
126,iqaluit,63.75,-68.51,5.0,77,20,13.87,CA,1605815084
127,jacqueville,5.21,-4.41,82.4,83,40,8.05,CI,1605815139
128,chokurdakh,70.63,147.92,-10.25,89,45,5.37,RU,1605815139
129,east london,-33.02,27.91,64.31,64,21,4.99,ZA,1605815139
130,yarmouth,41.71,-70.23,45.0,73,70,1.01,US,1605815139
131,peniche,39.36,-9.38,68.0,73,0,1.01,PT,1605815139
132,mujiayingzi,42.12,118.78,15.28,89,0,6.8,CN,1605815139
133,novopokrovka,49.84,36.55,23.0,85,0,8.95,UA,1605815140
134,bagdarin,54.43,113.6,10.24,89,100,5.48,RU,1605815140
135,sigli,5.38,95.96,78.69,76,100,4.18,ID,1605815140
136,cap malheureux,-19.98,57.61,70.0,79,14,5.01,MU,1605815140
137,rocha,-34.48,-54.33,65.32,58,6,10.8,UY,1605815140
138,pitimbu,-7.47,-34.81,84.2,70,40,10.29,BR,1605815140
139,aldan,58.6,125.39,-3.33,92,89,0.22,RU,1605815140
140,fairview,40.81,-74.0,48.2,42,1,3.36,US,1605815009
141,la asuncion,11.03,-63.86,87.8,52,15,18.34,VE,1605815140
142,niles,42.02,-87.8,66.0,34,90,21.92,US,1605815140
143,mitsamiouli,-11.38,43.28,80.19,75,8,10.09,KM,1605815140
144,puerto baquerizo moreno,-0.9,-89.6,78.8,78,40,16.11,EC,1605815141
145,cayenne,4.93,-52.33,78.8,88,0,3.36,GF,1605815141
146,tual,-5.67,132.75,83.34,77,100,9.35,ID,1605815141
147,lucea,18.45,-78.17,84.99,83,40,13.87,JM,1605815141
148,sayyan,15.17,44.32,46.04,53,0,5.32,YE,1605815141
149,lavrentiya,65.58,-171.0,28.38,97,100,8.41,RU,1605815141
150,madinat sittah uktubar,29.82,31.05,66.2,68,20,6.93,EG,1605815141
151,puerto ayora,-0.74,-90.35,80.6,65,40,8.05,EC,1605815142
152,caravelas,-17.71,-39.25,77.83,85,100,11.88,BR,1605815142
153,yerkoy,39.64,34.47,40.21,69,99,4.16,TR,1605815142
154,tiksi,71.69,128.87,4.53,88,100,27.83,RU,1605815142
155,georgetown,5.41,100.34,78.8,94,40,2.24,MY,1605815028
156,beboto,8.27,16.94,76.32,37,0,1.19,TD,1605815142
157,dikson,73.51,80.55,19.54,97,100,21.21,RU,1605815142
158,marawi,8.0,124.29,75.0,89,100,4.0,PH,1605815142
159,seoul,37.57,126.98,44.6,81,90,5.82,KR,1605814959
160,saldanha,-33.01,17.94,64.4,63,0,10.29,ZA,1605815142
161,pacific grove,36.62,-121.92,60.8,63,1,3.36,US,1605815142
162,magdagachi,53.45,125.8,6.03,93,77,2.19,RU,1605815143
163,innisfail,-17.53,146.03,64.0,98,78,5.99,AU,1605815143
164,sao jose da coroa grande,-8.9,-35.15,80.01,73,100,11.97,BR,1605815143
165,enid,36.4,-97.88,75.2,44,1,25.28,US,1605815093
166,nanning,22.82,108.32,66.2,93,0,3.69,CN,1605815143
167,nuuk,64.18,-51.72,33.8,74,75,13.87,GL,1605815143
168,pangkalanbuun,-2.68,111.62,72.45,95,100,1.92,ID,1605815143
169,atar,20.52,-13.05,79.03,19,98,8.3,MR,1605815143
170,mahebourg,-20.41,57.7,71.6,94,75,3.36,MU,1605815143
171,urucara,-2.54,-57.76,87.89,58,100,2.44,BR,1605815143
172,azare,11.68,10.19,73.26,26,0,6.35,NG,1605815143
173,baker city,44.77,-117.83,46.4,45,75,3.36,US,1605815144
174,randolph,35.7,-79.82,53.6,30,1,4.7,US,1605815144
175,gazanjyk,39.24,55.52,29.82,69,14,23.02,TM,1605815056
176,port alfred,-33.59,26.89,61.72,71,13,4.79,ZA,1605815144
177,prainha,-1.8,-53.48,86.02,57,100,2.86,BR,1605815144
178,gilbues,-9.83,-45.34,71.31,90,100,3.33,BR,1605815144
179,sinnamary,5.38,-52.95,77.02,92,100,11.54,GF,1605815144
180,zeya,53.75,127.27,8.11,87,11,2.15,RU,1605815144
181,chake chake,-5.25,39.77,78.91,84,34,9.17,TZ,1605815144
182,faanui,-16.48,-151.75,79.75,74,57,9.35,PF,1605815144
183,golden gate,26.19,-81.7,78.8,57,75,19.46,US,1605815144
184,tuatapere,-46.13,167.68,55.99,92,100,5.99,NZ,1605815144
185,clyde river,70.47,-68.59,15.8,92,90,8.05,CA,1605815144
186,namibe,-15.2,12.15,69.73,68,0,12.06,AO,1605815145
187,puerto ayacucho,5.66,-67.62,88.25,67,45,6.33,VE,1605815145
188,santa rita,-7.11,-34.98,84.2,70,40,10.29,BR,1605814937
189,zhigansk,66.77,123.37,-2.76,91,100,18.16,RU,1605815145
190,aksu,41.12,80.26,30.56,90,74,0.25,CN,1605815145
191,esperance,-33.87,121.9,57.2,100,75,8.05,AU,1605815145
192,limoeiro do ajuru,-1.9,-49.38,80.98,81,38,9.08,BR,1605815145
193,raymond,43.9,-70.47,33.01,58,100,1.99,US,1605815145
194,mbekenyera,-10.0,38.98,73.33,87,0,6.4,TZ,1605815145
195,yabrud,33.97,36.66,55.4,54,40,6.93,SY,1605815145
196,phrae,18.08,100.0,67.12,98,0,1.99,TH,1605815145
197,kichera,55.94,110.1,0.55,79,97,4.16,RU,1605815145
198,provideniya,64.38,-173.3,33.8,86,90,8.95,RU,1605815145
199,kerema,-7.96,145.78,76.89,85,73,4.61,PG,1605815146
200,mount isa,-20.73,139.5,82.4,32,0,8.05,AU,1605815146
201,bandar,2.05,99.75,74.48,94,100,1.66,ID,1605815146
202,suntar,62.14,117.63,-6.56,90,25,6.24,RU,1605815146
203,melfi,41.0,15.65,46.4,93,90,11.41,IT,1605815146
204,codrington,-38.27,141.97,55.9,92,17,8.32,AU,1605815146
205,kjollefjord,70.95,27.35,36.7,81,96,14.36,NO,1605815146
206,saint-francois,46.42,3.91,46.0,81,0,3.36,FR,1605815147
207,guymon,36.68,-101.48,80.6,21,1,9.17,US,1605815147
208,simao,22.79,100.97,52.25,92,0,0.31,CN,1605815147
209,abu dhabi,24.47,54.37,77.0,57,0,4.7,AE,1605815002
210,port macquarie,-31.43,152.92,61.0,97,11,12.91,AU,1605815030
211,kutum,14.2,24.67,69.55,27,0,8.01,SD,1605815147
212,aswan,24.09,32.91,68.65,30,0,8.93,EG,1605815147
213,ahipara,-35.17,173.17,61.66,58,64,6.58,NZ,1605815147
214,mahibadhoo,3.78,72.97,82.35,70,60,8.12,MV,1605815147
215,san quintin,30.48,-115.95,73.0,49,99,13.76,MX,1605815147
216,nhulunbuy,-12.23,136.77,77.0,88,74,8.63,AU,1605815147
217,southbridge,42.08,-72.03,41.0,46,86,4.0,US,1605815148
218,caledon,-34.23,19.43,62.01,79,0,3.0,ZA,1605815148
219,saint-georges,12.06,-61.75,86.0,70,40,19.46,GD,1605815148
220,amahai,-3.33,128.92,82.0,92,12,3.8,ID,1605815148
221,chengde,40.97,117.94,26.04,90,0,3.98,CN,1605815148
222,airai,-8.93,125.41,61.47,100,100,1.92,TL,1605815148
223,deputatskiy,69.3,139.9,-7.58,91,40,5.12,RU,1605815148
224,maragogi,-9.01,-35.22,79.56,74,100,12.08,BR,1605815148
225,filottrano,43.44,13.35,52.0,100,0,2.24,IT,1605815148
226,fukue,32.69,128.84,64.11,82,100,18.52,JP,1605815148
227,minot,48.23,-101.3,30.99,86,90,3.36,US,1605815028
228,tazovskiy,67.47,78.7,14.29,97,97,10.76,RU,1605815148
229,boyolangu,-8.12,111.89,77.36,84,95,2.66,ID,1605815149
230,grants pass,42.44,-123.33,48.2,76,40,0.92,US,1605815149
231,tall kayf,37.08,41.07,48.2,70,0,4.23,TR,1605815149
232,eenhana,-17.47,16.33,74.26,63,58,6.67,NA,1605815149
233,poya,-21.35,165.15,75.16,66,6,5.46,NC,1605815149
234,palmer,42.16,-72.33,42.01,44,75,12.75,US,1605815149
235,pathein,16.78,94.73,68.41,78,25,3.49,MM,1605815149
236,san patricio,28.02,-97.52,82.4,45,75,8.05,US,1605815149
237,wajima,37.4,136.9,69.1,75,100,28.95,JP,1605815149
238,husavik,66.04,-17.34,15.8,72,0,2.24,IS,1605815149
239,tautira,-17.73,-149.15,84.0,74,75,3.36,PF,1605815150
240,hualmay,-11.1,-77.61,71.2,62,4,11.83,PE,1605815150
241,butterworth,5.4,100.36,78.8,94,40,2.24,MY,1605815150
242,sur,22.57,59.53,74.07,75,0,5.55,OM,1605815150
243,ciudad bolivar,8.12,-63.55,88.88,54,27,6.78,VE,1605815150
244,labrea,-7.26,-64.8,88.84,59,82,3.38,BR,1605815150
245,panaba,21.28,-88.27,80.74,74,33,17.92,MX,1605815150
246,bethel,41.37,-73.41,43.0,45,1,6.93,US,1605815044
247,mabaruma,8.2,-59.78,83.14,68,1,7.25,GY,1605815150
248,shimoda,34.67,138.95,63.0,85,100,16.28,JP,1605815150
249,najran,17.49,44.13,64.4,39,0,1.97,SA,1605815150
250,hedaru,-4.5,37.9,75.02,75,92,5.01,TZ,1605815150
251,fairbanks,64.84,-147.72,-16.6,75,20,3.87,US,1605815132
252,jimeta,9.28,12.47,82.6,31,21,3.24,NG,1605815151
253,whitehorse,60.72,-135.05,-2.0,83,75,5.82,CA,1605815075
254,nome,64.5,-165.41,19.4,67,75,11.41,US,1605815151
255,avigliano,40.73,15.72,44.01,98,0,3.87,IT,1605815151
256,grigiskes,54.68,25.08,45.0,93,90,13.87,LT,1605815151
257,teguldet,57.31,88.17,15.12,95,100,11.95,RU,1605815151
258,kaitangata,-46.28,169.85,61.0,54,100,7.67,NZ,1605815151
259,lerwick,60.15,-1.15,39.2,60,90,13.87,GB,1605815151
260,erdenet,49.03,104.08,10.2,93,100,3.33,MN,1605815151
261,petropavlovsk-kamchatskiy,53.05,158.65,30.2,42,40,13.42,RU,1605815151
262,igarka,67.47,86.58,4.1,93,100,16.42,RU,1605815151
263,port lincoln,-34.73,135.87,57.18,87,6,12.86,AU,1605815151
264,karasjok,69.47,25.51,39.2,91,75,48.32,NO,1605815152
265,parnarama,-5.68,-43.09,74.39,92,100,7.87,BR,1605815152
266,prieska,-29.66,22.75,73.15,35,0,24.14,ZA,1605815152
267,hambantota,6.12,81.12,75.2,100,0,4.7,LK,1605815152
268,shubarkuduk,49.14,56.49,17.17,93,0,2.04,KZ,1605815152
269,korhogo,9.45,-5.63,78.06,35,51,2.42,CI,1605815152
270,haines junction,60.75,-137.51,-11.2,69,93,1.12,CA,1605815152
271,hamilton,39.18,-84.53,64.4,23,1,13.87,US,1605814871
272,belmonte,-15.86,-38.88,82.4,88,90,11.41,BR,1605815152
273,dunedin,-45.87,170.5,61.0,54,100,5.44,NZ,1605815152
274,pierre,44.37,-100.35,57.99,43,1,5.82,US,1605815152
275,mattru,7.62,-11.83,76.06,93,28,3.02,SL,1605815152
276,pacifica,37.61,-122.49,59.0,87,75,5.82,US,1605814886
277,alihe,50.57,123.72,15.28,83,0,2.44,CN,1605815153
278,aykhal,66.0,111.5,-1.93,89,100,15.48,RU,1605815153
279,novoagansk,61.94,76.66,19.53,93,94,14.9,RU,1605815153
280,cockburn town,21.46,-71.14,80.35,79,100,22.82,TC,1605815153
281,pevek,69.7,170.31,14.31,97,100,4.63,RU,1605815153
282,cabinda,-5.55,12.2,77.9,85,99,5.08,AO,1605815153
283,komsomolskiy,40.43,71.72,21.2,62,25,2.24,UZ,1605815153
284,north branch,45.51,-92.98,55.4,54,1,4.88,US,1605815153
285,san agustin,20.53,-103.47,75.0,31,5,12.75,MX,1605815153
286,dourbali,11.81,15.86,78.62,23,1,9.64,TD,1605815153
287,sapouy,11.55,-1.77,77.32,23,74,5.23,BF,1605815153
288,lata,40.16,-8.33,66.99,82,0,1.01,PT,1605815153
289,tahta,26.77,31.5,64.4,67,0,5.82,EG,1605815154
290,miri,4.41,114.01,75.2,100,40,3.36,MY,1605815154
291,kavieng,-2.57,150.8,82.62,76,42,8.34,PG,1605815154
292,nemuro,43.32,145.57,55.4,91,100,24.4,JP,1605815154
293,kodiak,57.79,-152.41,35.6,93,90,13.8,US,1605815154
294,santo tomas,14.11,121.14,79.0,83,20,4.7,PH,1605814996
295,novo oriente,-5.53,-40.77,93.79,27,75,2.59,BR,1605815154
296,de-kastri,51.47,140.78,15.42,85,100,7.45,RU,1605815154
297,alofi,-19.06,-169.92,80.6,88,23,5.82,NU,1605815154
298,barcelos,41.54,-8.62,63.0,87,0,5.82,PT,1605815155
299,george town,5.41,100.34,78.8,94,40,2.24,MY,1605815110
300,farafangana,-22.82,47.83,73.09,79,17,8.08,MG,1605815155
301,port blair,11.67,92.75,78.62,79,100,10.87,IN,1605814935
302,tigil,57.8,158.67,15.35,96,100,5.12,RU,1605815155
303,harper,4.38,-7.72,79.34,82,100,5.23,LR,1605815155
304,agadir,30.42,-9.6,66.2,82,20,5.82,MA,1605815155
305,torbay,47.67,-52.73,30.99,58,75,17.22,CA,1605815155
306,nago,26.59,127.98,73.4,88,1,6.62,JP,1605815155
307,nalut,30.33,10.85,59.23,65,18,9.15,LY,1605815155
308,guerrero negro,27.98,-114.06,77.18,48,0,14.99,MX,1605815155
309,asau,46.43,26.4,37.99,36,0,4.45,RO,1605815155
310,puerto suarez,-18.95,-57.8,89.6,59,8,5.82,BO,1605815156
311,tasiilaq,65.61,-37.64,28.4,68,75,18.34,GL,1605815156
312,klaksvik,62.23,-6.59,32.0,77,91,1.12,FO,1605815156
313,nagato,34.38,131.2,66.2,88,75,9.17,JP,1605815156
314,victoria,22.29,114.16,75.99,88,1,6.38,HK,1605814865
315,gondar,12.6,37.47,59.23,44,0,3.87,ET,1605815156
316,paamiut,61.99,-49.67,32.67,92,98,8.57,GL,1605815156
317,broken hill,-31.95,141.43,68.0,42,100,11.41,AU,1605815156
318,zhangye,38.93,100.45,30.58,91,99,11.81,CN,1605815156
319,sept-iles,50.2,-66.38,24.01,57,90,4.7,CA,1605815019
320,angoche,-16.23,39.91,80.19,77,0,13.91,MZ,1605815156
321,dzhebariki-khaya,62.22,135.8,-8.91,90,100,1.39,RU,1605815156
322,texarkana,33.43,-94.05,73.4,43,1,10.29,US,1605814976
323,dandong,40.13,124.39,27.64,85,0,15.28,CN,1605815157
324,batemans bay,-35.72,150.18,61.0,97,0,5.06,AU,1605815157
325,port-gentil,-0.72,8.78,77.0,94,40,11.41,GA,1605815157
326,mazamitla,19.92,-103.03,67.53,42,0,6.6,MX,1605815157
327,xining,36.62,101.77,31.69,90,100,1.14,CN,1605814997
328,killam,52.78,-111.85,8.6,84,100,12.75,CA,1605815103
329,santa rosa,14.31,121.11,79.0,83,20,4.7,PH,1605815157
330,uglegorskiy,48.24,41.25,21.72,95,0,10.92,RU,1605815157
331,atasu,48.68,71.64,1.08,90,0,4.0,KZ,1605815157
332,hasaki,35.73,140.83,70.0,77,75,10.29,JP,1605815157
333,luanda,-8.84,13.23,77.0,83,20,8.05,AO,1605815157
334,xai-xai,-25.05,33.64,73.87,84,100,18.03,MZ,1605815136
335,itanhaem,-24.18,-46.79,66.99,93,90,9.17,BR,1605815116
336,kuminskiy,58.67,66.57,21.63,88,35,13.02,RU,1605815158
337,denpasar,-8.65,115.22,82.4,88,40,2.24,ID,1605815158
338,kirakira,-10.45,161.92,82.09,82,100,12.64,SB,1605815158
339,voh,-20.97,164.7,75.36,66,21,6.67,NC,1605815158
340,port-cartier,50.03,-66.87,24.01,57,90,4.7,CA,1605815158
341,ola,59.58,151.28,5.9,86,82,12.37,RU,1605815158
342,kambove,-10.88,26.6,63.39,87,0,1.74,CD,1605815158
343,kyzyl-suu,42.34,78.01,22.28,81,3,6.26,KG,1605815158
344,urumqi,43.8,87.6,21.2,85,90,2.24,CN,1605814929
345,duarte,34.14,-117.98,71.01,52,0,5.28,US,1605814982
346,rawson,-43.3,-65.1,84.81,20,37,27.42,AR,1605815078
347,mount gambier,-37.83,140.77,57.2,82,90,11.41,AU,1605815158
348,sangar,63.92,127.47,-11.33,90,100,4.52,RU,1605815158
349,misratah,32.38,15.09,68.07,71,15,10.74,LY,1605815159
350,narragansett,41.45,-71.45,46.0,70,40,12.75,US,1605815159
351,elizabeth city,36.29,-76.25,57.0,55,1,5.82,US,1605815145
352,tawang,27.58,91.87,34.47,85,76,2.3,IN,1605815159
353,atbasar,51.8,68.33,10.44,96,69,7.9,KZ,1605815159
354,barpathar,26.3,93.87,60.58,87,0,0.96,IN,1605815159
355,mahabaleshwar,17.92,73.67,62.22,100,52,3.91,IN,1605815159
356,olga,43.74,135.29,31.93,98,100,10.29,RU,1605815159
357,malakal,9.53,31.66,80.83,28,0,2.55,SS,1605815159
358,bida,9.08,6.02,80.24,35,48,2.15,NG,1605815159
359,coaraci,-14.64,-39.55,82.4,88,75,5.82,BR,1605815160
360,miramar,25.99,-80.23,79.0,61,90,26.4,US,1605815077
361,anchorage,61.22,-149.9,12.2,78,1,5.1,US,1605815097
362,salym,60.06,71.48,17.85,91,44,11.14,RU,1605815160
363,inongo,-1.95,18.27,74.26,88,100,1.41,CD,1605815160
364,naryan-mar,67.67,53.09,36.64,97,100,20.85,RU,1605815160
365,zhob,31.34,69.45,43.38,59,0,2.37,PK,1605815160
366,los lunas,34.81,-106.73,77.0,17,1,14.99,US,1605815160
367,burnie,-41.07,145.92,57.99,75,41,5.01,AU,1605815160
368,tsumeb,-19.23,17.72,79.7,43,4,5.17,NA,1605815160
369,fomboni,-12.28,43.74,80.22,78,0,14.5,KM,1605815161
370,maldonado,-34.67,-54.92,66.99,55,20,11.41,UY,1605815161
371,deer lake,49.17,-57.43,24.8,73,90,12.75,CA,1605815161
372,changji,44.02,87.32,21.2,85,90,2.24,CN,1605815161
373,opuwo,-18.06,13.84,75.97,28,1,11.5,NA,1605815161
374,dunmore town,25.5,-76.65,76.19,71,0,26.57,BS,1605815161
375,ekhabi,53.51,142.97,22.91,92,26,12.39,RU,1605815162
376,bulakamba,-6.87,108.96,80.01,79,100,6.58,ID,1605815162
377,pisco,-13.7,-76.22,72.0,73,1,11.01,PE,1605815162
378,karatau,43.17,70.47,7.5,94,81,2.04,KZ,1605815162
379,samana,19.21,-69.34,77.0,94,75,6.85,DO,1605815162
380,okha,53.57,142.95,23.76,91,45,13.82,RU,1605815162
381,jijiga,9.35,42.8,56.5,48,0,8.3,ET,1605815162
382,bandarbeyla,9.49,50.81,76.51,75,0,21.85,SO,1605815162
383,vestmannaeyjar,63.44,-20.27,39.02,88,100,33.82,IS,1605815162
384,rumonge,-3.97,29.44,71.85,73,24,3.56,BI,1605815162
385,cecava,44.69,17.77,44.6,87,90,3.36,BA,1605815162
386,saint george,37.1,-113.58,68.0,29,1,2.68,US,1605815046
387,flin flon,54.77,-101.86,15.8,66,90,13.87,CA,1605815163
388,el reno,35.53,-97.95,72.0,56,1,33.33,US,1605815163
389,victor harbor,-35.57,138.62,59.0,84,41,1.99,AU,1605815163
390,takoradi,4.88,-1.76,78.94,83,99,7.18,GH,1605815163
391,solnechnyy,50.72,136.63,15.15,78,100,5.64,RU,1605815163
392,goundam,16.41,-3.67,80.82,18,0,9.75,ML,1605815163
393,cranbrook,49.5,-115.77,41.0,56,75,8.05,CA,1605815163
394,bettiah,26.8,84.5,66.09,60,0,1.83,IN,1605815163
395,morristown,36.21,-83.29,61.0,35,1,3.42,US,1605815163
396,jacareacanga,-6.22,-57.75,89.6,62,0,2.24,BR,1605815163
397,ellsworth,44.54,-68.42,37.0,69,90,12.75,US,1605814946
398,alta floresta,-9.88,-56.09,80.87,70,98,5.21,BR,1605815163
399,geraldton,-28.77,114.6,60.8,87,40,10.29,AU,1605815163
400,thayetmyo,19.32,95.18,66.83,87,0,3.69,MM,1605815164
401,vila franca do campo,37.72,-25.43,60.01,67,75,12.75,PT,1605815164
402,swellendam,-34.02,20.44,62.6,72,0,8.05,ZA,1605815164
403,ripoll,42.2,2.19,48.0,1,0,6.26,ES,1605815164
404,darlowo,54.42,16.41,45.0,52,67,29.86,PL,1605815164
405,mingguang,32.78,117.96,52.14,68,100,14.34,CN,1605815164
406,ojinaga,29.57,-104.42,78.01,33,1,6.93,MX,1605815164
407,richards bay,-28.78,32.04,69.66,79,95,15.86,ZA,1605815164
408,akdepe,42.06,59.38,17.6,57,0,6.93,TM,1605815164
409,sisimiut,66.94,-53.67,28.54,92,100,6.62,GL,1605815164
410,rabat,33.99,-6.84,71.01,37,100,8.05,MA,1605815164
411,usti nad orlici,49.97,16.39,44.01,84,59,3.0,CZ,1605815165
412,kiama,-34.68,150.87,63.0,88,0,1.01,AU,1605815165
413,majene,-3.54,118.97,78.73,83,99,3.89,ID,1605815165
414,tyumentsevo,53.32,81.5,12.33,96,100,11.25,RU,1605815165
415,saint-paul,-21.01,55.27,73.4,60,90,12.75,RE,1605815165
416,santa isabel,-23.32,-46.22,73.4,88,90,9.17,BR,1605815165
417,yuanping,38.72,112.76,30.42,84,45,3.83,CN,1605815165
418,watrous,51.67,-105.47,17.6,92,100,9.17,CA,1605815165
419,praya,14.92,-23.51,80.6,65,0,16.11,CV,1605815165
420,sakaiminato,35.55,133.23,64.4,93,40,3.36,JP,1605815165
421,lhokseumawe,5.18,97.15,79.29,80,100,4.47,ID,1605815166
422,banda aceh,5.56,95.32,78.69,77,100,4.97,ID,1605815166
423,broome,42.25,-75.83,48.99,42,1,8.05,US,1605815166
424,gizo,-8.1,156.84,83.53,76,100,11.25,SB,1605815166
425,santa paula,34.35,-119.06,69.01,67,1,5.28,US,1605815166
426,bilma,18.69,12.92,68.72,25,0,8.99,NE,1605815166
427,toropets,56.5,31.64,41.31,79,100,17.74,RU,1605815166
428,ugoofaaru,5.67,73.0,82.09,75,94,9.46,MV,1605815166
429,tura,25.52,90.22,64.08,83,8,2.37,IN,1605815106
430,balkhash,46.84,74.98,9.45,89,19,10.56,KZ,1605815166
431,souris,49.62,-100.26,26.6,79,90,3.36,CA,1605815166
432,sao felix do xingu,-6.64,-51.99,77.49,93,100,3.09,BR,1605815167
433,talikota,16.48,76.32,73.35,81,87,6.69,IN,1605815167
434,gat,31.61,34.76,66.0,100,100,2.75,IL,1605815167
435,taoudenni,22.68,-3.98,75.61,23,0,17.0,ML,1605815167
436,san cristobal,7.77,-72.22,84.2,70,40,9.17,VE,1605815167
437,sambava,-14.27,50.17,74.25,81,57,5.93,MG,1605815167
438,marquette,46.53,-87.63,48.0,59,98,5.01,US,1605815167
439,uyuni,-20.46,-66.83,62.89,14,0,16.02,BO,1605815167
440,luanshya,-13.14,28.42,66.56,82,74,4.32,ZM,1605815167
441,holly springs,35.65,-78.83,55.99,42,0,3.0,US,1605815167
442,pori,61.48,21.78,32.0,93,90,4.7,FI,1605815168
443,biak,-0.91,122.88,77.85,77,27,1.12,ID,1605815168
444,loukhi,66.08,33.04,40.05,85,100,14.18,RU,1605815168
445,ichon,37.28,127.44,44.6,81,90,2.24,KR,1605815168
446,margate,51.38,1.39,45.0,67,2,12.93,GB,1605815168
447,bahar,34.91,48.44,38.62,76,57,4.65,IR,1605815168
448,juarez,31.73,-106.48,79.0,22,5,5.82,MX,1605815168
449,alice springs,-23.7,133.88,75.2,22,86,3.96,AU,1605815097
450,evensk,61.95,159.23,2.86,85,99,9.69,RU,1605815168
451,sasayama,35.07,135.22,66.0,100,100,4.0,JP,1605815168
452,malanje,-9.54,16.34,64.96,98,36,4.38,AO,1605815168
453,nunoa,-14.48,-70.64,62.22,29,100,3.78,PE,1605815168
454,laguna,38.42,-121.42,61.0,87,1,5.82,US,1605815053
455,launceston,-41.45,147.17,60.01,82,22,10.29,AU,1605815169
456,srednekolymsk,67.45,153.68,2.55,94,100,11.16,RU,1605815169
457,ambon,-3.7,128.18,78.01,15,7,1.1,ID,1605815067
458,maningrida,-12.07,134.27,78.49,83,99,7.27,AU,1605815169
459,cabedelo,-6.98,-34.83,84.2,70,40,10.29,BR,1605814870
460,marsh harbour,26.54,-77.06,74.25,72,20,27.42,BS,1605815169
461,fortuna,40.6,-124.16,54.0,87,1,4.18,US,1605815169
462,tyrma,50.08,132.17,12.27,87,100,1.99,RU,1605815169
463,timra,62.49,17.33,30.0,74,0,10.29,SE,1605815169
464,yarega,63.44,53.58,36.21,88,100,15.28,RU,1605815169
465,shaunavon,49.65,-108.42,17.6,92,93,20.8,CA,1605815169
466,ranong,9.97,98.63,77.56,83,100,3.33,TH,1605815170
467,buchanan,5.88,-10.05,78.8,88,40,4.94,LR,1605815170
468,barga,44.07,10.48,52.0,86,57,1.01,IT,1605815170
469,penzance,50.12,-5.54,46.4,70,75,8.05,GB,1605815170
470,oum hadjer,13.3,19.7,79.9,22,5,10.22,TD,1605815170
471,nizwa,22.93,57.53,65.32,65,0,1.34,OM,1605815170
472,bonfim,3.08,-59.95,87.64,57,60,6.33,BR,1605815170
473,mandera,3.94,41.87,84.94,42,0,7.9,KE,1605815170
474,sheopur,25.67,76.7,65.07,55,0,7.23,IN,1605815170
475,kokopo,-4.35,152.26,77.97,83,70,5.61,PG,1605815170
476,ogaminana,7.59,6.22,78.78,51,2,1.66,NG,1605815170
477,bahia blanca,-38.72,-62.27,84.52,22,40,6.06,AR,1605815170
478,agirish,61.92,63.02,24.42,96,100,15.14,RU,1605815171
479,tres arroyos,-38.37,-60.28,80.62,23,0,7.63,AR,1605815171
480,pringsewu,-5.36,104.97,73.85,91,100,1.14,ID,1605815171
481,otane,-39.88,176.63,56.95,49,0,5.7,NZ,1605815171
482,sola,-13.88,167.55,80.31,85,92,21.07,VU,1605815171
483,lasa,46.62,10.7,46.99,75,75,12.75,IT,1605815171
484,brae,60.4,-1.35,39.2,60,90,13.87,GB,1605815171
485,nkhotakota,-12.93,34.3,81.55,52,1,6.24,MW,1605815171
486,abu samrah,35.3,37.18,58.08,49,78,7.02,SY,1605815171
487,arkhangelsk,64.54,40.54,44.6,93,90,11.18,RU,1605815171
488,yankton,42.87,-97.4,60.01,44,1,13.87,US,1605815171
489,kendal,54.33,-2.75,43.0,82,98,3.09,GB,1605815171
490,turayf,31.67,38.66,55.4,66,0,18.34,SA,1605815171
491,bathsheba,13.22,-59.52,86.0,70,40,19.46,BB,1605815171
492,languyan,5.26,120.08,79.52,81,100,2.53,PH,1605815172
493,kristiinankaupunki,62.27,21.38,33.44,85,84,15.3,FI,1605815172
494,hammerfest,70.66,23.68,37.4,86,75,48.32,NO,1605815172
495,awjilah,29.11,21.29,61.38,57,1,8.72,LY,1605815172
496,raga,8.46,25.68,83.25,31,73,3.58,SS,1605815172
497,rakai,-0.72,31.48,60.49,95,2,1.7,UG,1605815172
498,pio xii,-3.83,-45.15,80.2,86,98,5.06,BR,1605815172
499,blantyre,-15.79,35.01,79.16,36,0,10.98,MW,1605815068
500,khasan,42.43,130.64,30.06,91,100,28.34,RU,1605815172
501,camacha,33.08,-16.33,66.2,68,40,11.41,PT,1605815172
502,padang,-0.95,100.35,76.39,83,100,2.8,ID,1605815173
503,bose,45.46,8.01,48.0,78,11,1.01,IT,1605815173
504,lumding,25.75,93.17,60.12,91,0,1.32,IN,1605815173
505,tecoanapa,16.52,-98.75,87.67,40,16,7.85,MX,1605815173
506,touros,-5.2,-35.46,86.0,70,20,13.87,BR,1605815168
507,lodwar,3.12,35.6,86.13,41,0,16.93,KE,1605815173
508,le mars,42.79,-96.17,60.8,44,1,11.41,US,1605815136
509,nizhniy kuranakh,58.84,125.49,-2.51,90,59,2.44,RU,1605815173
510,pangnirtung,66.15,-65.71,17.6,85,90,2.24,CA,1605815173
511,chickasha,35.05,-97.94,69.8,56,1,24.16,US,1605815150
512,urengoy,65.97,78.37,16.48,97,100,14.23,RU,1605815173
513,le port,-20.94,55.29,73.4,60,90,12.75,RE,1605815173
514,dingle,11.0,122.67,75.96,90,79,6.33,PH,1605815173
515,luganville,-15.53,167.17,80.6,74,75,9.17,VU,1605815174
516,salinopolis,-0.61,-47.36,82.02,80,99,8.32,BR,1605814988
517,quatre cocos,-20.21,57.76,71.6,94,75,3.36,MU,1605815174
518,crixas,-14.55,-49.97,75.4,83,100,1.99,BR,1605815174
519,sao jose do belmonte,-7.86,-38.76,91.18,27,76,7.18,BR,1605815174
520,novouzensk,50.46,48.14,19.8,86,0,7.65,RU,1605815174
521,muros,42.78,-9.06,55.99,80,0,7.0,ES,1605815174
522,tilichiki,60.47,166.1,-1.68,94,26,6.26,RU,1605815174
523,pinhao,-25.7,-51.66,72.18,43,46,3.6,BR,1605815050
524,vila,42.03,-8.16,55.99,85,43,4.65,PT,1605815174
525,koksovyy,48.2,40.6,19.42,96,0,7.83,RU,1605815174
526,chekhov,55.14,37.47,32.0,93,99,17.56,RU,1605815174
527,saint-joseph,-21.37,55.62,73.4,60,90,6.93,RE,1605815174
528,inirida,3.87,-67.92,83.97,81,81,3.49,CO,1605815175
529,kolokani,13.57,-8.03,79.29,23,84,6.73,ML,1605815175
530,omsukchan,62.53,155.8,-8.43,86,100,5.73,RU,1605815175
531,fez,34.04,-5.0,62.6,51,0,9.17,MA,1605815109
532,bara,10.37,10.73,76.95,31,0,7.54,NG,1605815175
533,lengshuijiang,27.69,111.43,54.95,74,98,2.68,CN,1605815175
534,danshui,22.8,114.47,78.01,89,4,1.79,CN,1605815175
535,dasoguz,41.84,59.97,17.6,57,0,6.93,TM,1605815013
536,meulaboh,4.14,96.13,75.81,91,100,7.99,ID,1605815005
537,mayo,38.89,-76.51,53.01,40,1,10.29,US,1605815175
538,strezhevoy,60.73,77.59,17.6,78,0,15.66,RU,1605815175
539,serik,36.92,31.1,53.6,87,75,6.93,TR,1605815175
540,lachhmangarh,27.82,75.03,55.47,37,0,5.73,IN,1605815175
541,toccoa,34.58,-83.33,59.0,26,1,3.36,US,1605815176
542,aras,42.56,-2.36,50.0,76,20,12.75,ES,1605815176
543,maiduguri,11.85,13.16,74.5,24,0,9.57,NG,1605815176
544,great yarmouth,52.61,1.73,39.99,80,32,8.05,GB,1605815176
545,ust-nera,64.57,143.2,-22.41,77,87,5.01,RU,1605815176
546,nanton,50.35,-113.77,19.4,100,100,3.36,CA,1605815176
547,antofagasta,-23.65,-70.4,64.4,63,20,16.11,CL,1605814883
548,nouadhibou,20.93,-17.03,77.0,53,0,8.05,MR,1605814888
549,isangel,-19.55,169.27,76.62,68,0,14.74,VU,1605815176
550,blackwater,-23.58,148.88,69.35,82,6,10.22,AU,1605815176
551,bhagalpur,25.25,87.0,68.47,65,1,1.28,IN,1605815176
552,ziro,27.63,93.83,42.04,100,71,1.07,IN,1605815176
553,katherine,-14.47,132.27,84.2,62,0,8.05,AU,1605815176
554,toledo,39.83,-4.0,62.01,64,0,8.28,ES,1605814975
555,krasnoselkup,65.7,82.47,12.25,95,100,16.17,RU,1605815177
556,bartica,6.4,-58.62,84.2,74,75,9.17,GY,1605814945
557,brewster,41.4,-73.62,44.01,45,1,6.93,US,1605815177
558,cochrane,51.18,-114.47,12.99,85,90,8.05,CA,1605814939
559,te anau,-45.42,167.72,54.93,65,100,2.19,NZ,1605815177
560,san jose,37.34,-121.89,63.0,71,75,6.93,US,1605815052
561,araceli,10.55,119.99,82.98,82,92,18.52,PH,1605815177
562,nelson bay,-32.72,152.15,68.0,93,7,10.87,AU,1605815177
563,jiangyou,31.77,104.72,59.32,48,100,1.79,CN,1605815177
564,vavuniya,8.75,80.5,73.92,96,100,2.44,LK,1605815177
